C,residue,norm_alpha,error_resin
1e-12,1.31938e-06,1.31938e+06
1e-11,1.31177e-05,1.31177e+06
1e-10,0.000130319,1.30319e+06
1e-09,0.00123065,1.23065e+06
1e-08,0.0079095,790950
1e-07,0.0172965,172965
1e-06,0.0196256,19625.6
1e-05,0.0198935,1989.35
0.0001,0.0199207,199.207
0.001,0.0199234,19.9234
0.01,0.0199237,1.99237
0.1,0.0199237,0.199237
